"id","blog_id","time","replay_userid","content","user_id","status"
"1","4","2021/8/10 06:23:57","1","111","","3"
"2","4","2021/8/10 06:31:56","1","111","","0"
"3","4","2021/8/10 07:03:47","1","1","","0"
"4","4","2021/8/10 07:10:44","1","111","","0"
"5","4","2021/8/10 08:19:28","7","11111","1","0"
"6","4","2021/8/10 08:19:35","7","cccc","1","0"
"7","4","2021/8/10 08:19:41","7","3333","1","0"
"8","4","2021/8/10 08:23:53","1","11111颠三倒四","7","0"
"9","4","2021/8/10 08:24:47","1","吃饭饭付","7","0"
"10","4","2021/8/10 08:31:17","8","柴艾1111111","1","0"
"11","4","2021/8/10 08:31:17","8","柴艾1111111","7","0"
"12","4","2021/8/11 06:55:16","1","qqq","7","0"
"13","4","2021/8/11 06:55:16","1","qqq","8","0"
